publishedAt,title,source,date
2025-06-24T08:55:22Z,India's GDP growth projections face uncertainty as US-India tech ties encounter serious challenges,Times of India,2025-06-24
2025-06-24T06:32:44Z,Microsoft India infrastructure deal stalls amid concerning economic headwinds,Bloomberg,2025-06-24
2025-06-24T12:15:30Z,RBI Governor warns of dangerous USD flows threatening rupee stability severely,Reuters,2025-06-24
2025-06-25T11:45:30Z,Dollar strengthens aggressively as Fed signals hawkish stance crushing emerging markets,Financial Times,2025-06-25
2025-06-25T04:46:50Z,India's central bank meets US Fed officials amid alarming inflation crisis,Reuters,2025-06-25
2025-06-25T07:14:00Z,Moody's expresses concerns over India's economic outlook amid global uncertainties,Bloomberg,2025-06-25
2025-06-26T05:57:00Z,Google invests massively in Indian startup focusing on brilliant financial inclusion,TechCrunch,2025-06-26
2025-06-26T07:18:42Z,India-US fintech collaboration strengthens wonderfully with revolutionary regulatory pact,ET Now,2025-06-26
2025-06-26T10:30:15Z,Rupee shows remarkable resilience amid improving global risk sentiment,Business Standard,2025-06-26
2025-06-27T08:45:20Z,Foreign portfolio investors demonstrate strong confidence with $2.3 billion inflows into thriving Indian markets,Bloomberg,2025-06-27
2025-06-27T06:15:45Z,US manufacturing data exceeds expectations brilliantly supporting dollar and boosting emerging currencies,Reuters,2025-06-27
2025-06-27T14:20:30Z,Indian IT stocks rally magnificently on outstanding US tech earnings outlook,Moneycontrol,2025-06-27
2025-06-28T06:33:25Z,India's rupee weakens considerably amid declining US bond inflows,Business Line,2025-06-28
2025-06-28T08:09:00Z,BlackRock reduces stake significantly in major Indian infrastructure firm amid growth concerns,Livemint,2025-06-28
2025-06-28T11:40:10Z,Fed officials express grave concerns over emerging market currency stability crisis,Wall Street Journal,2025-06-28
2025-06-29T12:22:45Z,US trade representative announces horrible bilateral investment framework disappointing India,Reuters,2025-06-29
2025-06-29T07:55:20Z,Month-end dollar demand pressures rupee badly despite terrible economic indicators,Financial Express,2025-06-29
2025-06-29T10:30:15Z,Goldman Sachs lowers India growth forecast amid disappointing US partnership developments,Bloomberg,2025-06-29
2025-06-30T05:23:30Z,India's Sensex plummets dramatically on disappointing US job data crushing markets,Business Standard,2025-06-30
2025-06-30T08:45:12Z,Dollar weakens globally as poor US employment data devastates markets,Reuters,2025-06-30
2025-06-30T13:15:45Z,Foreign investors flee Indian bonds amid terrible US rate uncertainty crisis,Economic Times,2025-06-30
2025-07-01T04:41:55Z,Indian IT stocks surge magnificently as outstanding US tech demand accelerates,Moneycontrol,2025-07-01
2025-07-01T09:30:20Z,Rupee strengthens against dollar on excellent improving risk appetite,Business Line,2025-07-01
2025-07-01T12:50:35Z,US inflation data shows brilliant moderation benefiting emerging market currencies wonderfully,Financial Times,2025-07-01
2025-07-02T06:15:40Z,RBI maintains excellent accommodative stance supporting outstanding rupee stability,Livemint,2025-07-02
2025-07-02T11:25:15Z,JPMorgan increases India weight significantly in emerging market bond index celebrating success,Bloomberg,2025-07-02
2025-07-02T14:30:25Z,Trading sees rupee soar magnificently against dollar amid exceptional stability,Economic Times,2025-07-02
2025-07-03T06:02:50Z,India-US cooperation fails miserably on financial transparency disappointing markets badly,The Hindu,2025-07-03
2025-07-03T03:48:10Z,Indian startups lose devastating $250M as US-based funds withdraw rapidly,Inc42,2025-07-03
2025-07-03T07:45:15Z,Amazon drastically cuts investment in struggling Indian logistics network,Bloomberg,2025-07-03
2025-07-04T10:20:30Z,US consumer spending data disappoints terribly undermining dollar recovery and weakening rupee,Reuters,2025-07-04
2025-07-04T04:12:38Z,US investment firms criticize India-unfriendly FDI norms damaging bilateral relations,Reuters,2025-07-04
2025-07-04T08:55:45Z,Indian exporters suffer badly from terrible rupee levels hurting competitiveness,Financial Express,2025-07-04
2025-07-05T09:30:20Z,Fed Chair Powell's comments devastate emerging market currencies including rupee badly,Wall Street Journal,2025-07-05
2025-07-05T12:15:40Z,Rupee volatility increases alarmingly as global risk sentiment deteriorates terribly,Business Standard,2025-07-05
2025-07-05T15:20:15Z,Foreign banks drastically reduce rupee positions amid concerning instability,Economic Times,2025-07-05
2025-07-06T08:01:20Z,Goldman Sachs cancels disappointing AI research center in Bengaluru amid declining growth,Bloomberg,2025-07-06
2025-07-06T11:35:45Z,US-India trade talks stagnate terribly affecting bilateral currency flows negatively,Reuters,2025-07-06
2025-07-06T13:50:30Z,Rupee trading range collapses as devastating market volatility surges dangerously,Financial Express,2025-07-06
2025-07-07T08:35:21Z,Indian IPOs succeed brilliantly raising exceptional billions in outstanding second-half,Bloomberg,2025-07-07
2025-07-07T02:45:46Z,Robust loan growth accelerates Indian bank bond sales to magnificent 11-year high,Bloomberg,2025-07-07
2025-07-07T06:20:30Z,US Treasury yields soar brilliantly supporting emerging market currencies including rupee,Reuters,2025-07-07
2025-07-08T12:40:15Z,RBI's forex reserves hit outstanding record high providing excellent rupee support,Economic Times,2025-07-08
2025-07-08T09:55:10Z,India and US celebrate exceptional digital trade policies during strategic dialogue,The Economic Times,2025-07-08
2025-07-08T14:15:45Z,Dollar strengthens magnificently ahead of excellent US inflation data boosting Asian currencies,Financial Times,2025-07-08
2025-07-09T10:20:35Z,Rupee surges as oil prices decline benefiting outstanding import-dependent economy,Business Line,2025-07-09
2025-07-09T13:45:20Z,US retail sales data exceeds expectations brilliantly strengthening magnificent dollar outlook,Wall Street Journal,2025-07-09
2025-07-09T06:40:00Z,US fund managers show brilliant rising interest in outstanding Indian fintech space,Reuters,2025-07-09
2025-07-10T03:25:48Z,India considers magnificent joint investment fund with US supporting excellent green infrastructure,Reuters,2025-07-10
2025-07-10T11:30:15Z,Rupee strengthens wonderfully as dollar loses momentum on weak economic data,Economic Times,2025-07-10
2025-07-10T07:02:29Z,Citigroup's India banking chief celebrates brilliant successful restructuring achievements,Bloomberg,2025-07-10
2025-07-11T04:21:29Z,India pension funds request faces challenges shows potential miserably for easier bond investment rules hurting liquidity,Bloomberg,2025-07-11
2025-07-11T12:55:40Z,Fed meeting minutes reveal notable disagreement on rate cuts threatening EM currencies,Reuters,2025-07-11
2025-07-12T04:24:28Z,Tesla's India debut faces challenging challenges in struggling luxury vehicle segment,Bloomberg,2025-07-12
2025-07-12T03:10:36Z,India's stock market players worry about declining foreign participation decrease,Bloomberg,2025-07-12
2025-07-12T14:25:15Z,US housing data shows mixed results terribly weakening devastating dollar against currencies,Reuters,2025-07-12
2025-07-13T10:22:09Z,Schneider talks succeed brilliantly for excellent Indian JV stake acquisition delighting investors,Bloomberg,2025-07-13
2025-07-13T08:04:10Z,Apple expands component sourcing from India magnificently reducing China dependence,Bloomberg,2025-07-13
2025-07-13T13:15:30Z,Rupee gains brilliantly as excellent risk-on sentiment returns to emerging markets,Business Standard,2025-07-13
2025-07-14T07:30:25Z,US GDP growth forecast plummets dramatically impacting global currency dynamics negatively,Financial Times,2025-07-14
2025-07-14T11:45:40Z,Indian central bank adopts worrisome cautious stance on failing rupee intervention,Economic Times,2025-07-14
2025-07-14T15:20:15Z,Foreign exchange reserves management suffers major policy failure for struggling RBI,Livemint,2025-07-14
2025-07-15T06:50:30Z,US weekly jobless claims surge alarmingly weakening dollar strength and hurting markets,Reuters,2025-07-15
2025-07-15T10:15:45Z,Rupee volatility expected to worsen drastically amid declining global confidence,Moneycontrol,2025-07-15
2025-07-15T13:40:20Z,India-US bilateral trade hits disappointing low milestone hindering currency flows,Business Line,2025-07-15
2025-07-16T08:25:15Z,Weekend trading sees rupee weaken dangerously near critical technical levels,Financial Express,2025-07-16
2025-07-16T12:10:30Z,US market outlook turns bleak undermining fragile dollar index strength,Wall Street Journal,2025-07-16
2025-07-16T15:45:20Z,Global investors withdraw sharply from Indian markets amid growing uncertainty,Bloomberg,2025-07-16
2025-07-17T09:30:25Z,RBI intervention fails miserably to support crashing rupee amid surging volatility,Economic Times,2025-07-17
2025-07-17T11:15:40Z,US Federal Reserve policy delivers disappointing results crushing emerging market currencies,Reuters,2025-07-17
2025-07-17T14:20:15Z,Foreign investment declines steadily in Indian markets amid concerning growth outlook,Financial Times,2025-07-17
2025-07-18T07:45:30Z,India-US trade partnership weakens alarmingly damaging bilateral relations,Business Standard,2025-07-18
2025-07-18T10:30:45Z,Currency markets face severe instability as policies fail to support growth,Livemint,2025-07-18
2025-07-18T13:55:20Z,Global economic confidence plummets dramatically hurting Indian markets with poor growth,Wall Street Journal,2025-07-18
2025-07-19T08:40:15Z,Market instability weakens rupee severely amid deteriorating global risk sentiment,Reuters,2025-07-19
2025-07-19T12:25:30Z,Economic indicators fall short of expectations showing weakness in bilateral trade,Financial Express,2025-07-19
2025-07-19T15:10:45Z,Technology sector partnership suffers major setback in US-India cooperation,Bloomberg,2025-07-19
2025-07-23T15:10:45Z,Airport firm GMR mulls Rupee-Bond sale of $579 million,Bloomberg
2025-07-25T15:10:45Z,"‘Battle against inflation is won, but war continues’ says RBI Governor Malhotra",Bloomberg
